{"cameraMode":{"drawMode":0,"name":"Shaded","section":"Shading Mode"},"sceneLighting":true,"audioPlay":false,"sceneViewState":{"showFog":true,"showMaterialUpdate":true,"showSkybox":true,"showFlares":true,"showImageEffects":true,"showParticleSystems":true},"in2DMode":false,"pivot":{"x":2717.24462890625,"y":-63.332275390625,"z":2311.788330078125},"rotation":{"x":-0.2759408950805664,"y":0.19264006614685059,"z":-0.05573444440960884,"w":-0.9402344822883606},"size":5627.4404296875,"orthographic":false}