{"cameraMode":{"drawMode":0,"name":"Shaded","section":"Shading Mode"},"sceneLighting":false,"audioPlay":false,"sceneViewState":{"showFog":true,"showMaterialUpdate":true,"showSkybox":false,"showFlares":true,"showImageEffects":true,"showParticleSystems":true},"in2DMode":false,"pivot":{"x":-0.9063153266906738,"y":1.0782444477081299,"z":0.7870841026306152},"rotation":{"x":-0.030054375529289247,"y":0.9097520709037781,"z":-0.4106963872909546,"w":-0.06046308949589729},"size":28.381851196289064,"orthographic":false}