{"cameraMode":{"drawMode":0,"name":"Shaded","section":"Shading Mode"},"sceneLighting":true,"audioPlay":false,"sceneViewState":{"showFog":true,"showMaterialUpdate":true,"showSkybox":true,"showFlares":true,"showImageEffects":true,"showParticleSystems":true},"in2DMode":false,"pivot":{"x":760.8323364257813,"y":103.28356170654297,"z":211.6861572265625},"rotation":{"x":-0.0052927774377167229,"y":0.998082160949707,"z":-0.06872981786727905,"w":0.006544328760355711},"size":44.65972900390625,"orthographic":false}