{"cameraMode":{"drawMode":0,"name":"Shaded","section":"Shading Mode"},"sceneLighting":true,"audioPlay":false,"sceneViewState":{"showFog":true,"showMaterialUpdate":true,"showSkybox":true,"showFlares":true,"showImageEffects":true,"showParticleSystems":true},"in2DMode":false,"pivot":{"x":94.05575561523438,"y":-0.1904754638671875,"z":49.02150344848633},"rotation":{"x":0.1496753692626953,"y":0.19615963101387025,"z":-0.03031245991587639,"w":0.9686381220817566},"size":157.70379638671876,"orthographic":false}